ID,Case_Description,Argument,Technique,Category,Outcome,Court_Level,Key_Statutes_Cited
1,"Breach of Contract involving non-delivery of goods","The defendant failed to deliver goods as stipulated in the contract, constituting a breach under Section 2 of the Contract Act.","Precedent","Contract Law","Plaintiff Wins","District Court","Section 2 of the Contract Act"
2,"Personal injury due to negligence at a workplace","The employer neglected safety protocols, directly leading to the plaintiff's injury, thereby violating duty of care.","Causation","Tort Law","Plaintiff Wins","Appellate Court","Occupational Safety and Health Act"
3,"Intellectual property dispute over patent infringement","The defendant's product incorporates features identical to the plaintiff's patented design, infringing on exclusive rights.","Comparison","Intellectual Property","Defendant Wins","District Court","Patent Act"
4,"Criminal defense against theft charges","There is insufficient evidence to prove beyond a reasonable doubt that the defendant intended to permanently deprive the owner of property.","Burden of Proof","Criminal Law","Defendant Wins","District Court","Criminal Code"
5,"Employment discrimination based on age","The termination of the plaintiff, who is over 50, disproportionately affects older employees, violating the Age Discrimination in Employment Act.","Statutory Interpretation","Employment Law","Plaintiff Wins","District Court","Age Discrimination in Employment Act"
6,"Environmental lawsuit against a corporation for pollution","The company's discharge of pollutants exceeds permissible limits set by environmental regulations, causing ecological harm.","Regulatory Compliance","Environmental Law","Plaintiff Wins","Appellate Court","Clean Water Act"
7,"Family law case regarding child custody","The primary caregiver has consistently provided a stable and nurturing environment, which is in the best interest of the child.","Best Interest Standard","Family Law","Plaintiff Wins","Family Court","Child Custody Laws"
8,"Real estate dispute over property boundaries","Historical land surveys and previous property deeds clearly demarcate the boundaries, favoring the plaintiff's claim.","Documentary Evidence","Property Law","Plaintiff Wins","District Court","Property Law Statutes"
9,"Tax evasion allegations against a corporation","The company utilized offshore accounts to conceal profits, intentionally evading tax obligations as per the Internal Revenue Code.","Intentional Misrepresentation","Tax Law","Defendant Wins","Tax Court","Internal Revenue Code"
10,"Consumer rights case against a defective product","The product was sold with an implied warranty of merchantability, and its defects render it unfit for ordinary use.","Implied Warranty","Consumer Protection","Plaintiff Wins","District Court","Uniform Commercial Code"
11,"Bankruptcy filing due to overwhelming debt","The debtor has exhausted all means of repayment and meets the criteria for Chapter 7 bankruptcy, allowing for debt discharge.","Financial Distress","Bankruptcy Law","Plaintiff Wins","Bankruptcy Court","Bankruptcy Code Chapter 7"
12,"Immigration case involving visa overstaying","The defendant overstayed their visa due to unforeseen medical emergencies, requesting leniency based on humanitarian grounds.","Humanitarian Considerations","Immigration Law","Plaintiff Wins","Immigration Court","Immigration and Nationality Act"
13,"Cybercrime involving unauthorized data access","The defendant accessed the plaintiff's database without authorization, violating the Computer Fraud and Abuse Act.","Unauthorized Access","Cyber Law","Plaintiff Wins","District Court","Computer Fraud and Abuse Act"
14,"Defamation lawsuit over false statements","The defendant made false and damaging statements about the plaintiff, harming their reputation and livelihood.","False Light","Defamation Law","Plaintiff Wins","District Court","Defamation Laws"
15,"Medical malpractice due to surgical errors","The surgeon deviated from the standard procedure, resulting in unnecessary complications for the patient.","Standard of Care","Medical Malpractice","Plaintiff Wins","Appellate Court","Medical Malpractice Act"
16,"Securities fraud involving misleading investors","The company provided false financial statements to inflate stock prices, deceiving investors and violating securities laws.","Misrepresentation","Securities Law","Plaintiff Wins","District Court","Securities Exchange Act"
17,"Landlord-tenant dispute over security deposit","The landlord withheld the security deposit without providing a valid reason, violating the state's landlord-tenant regulations.","Unjust Enrichment","Property Law","Plaintiff Wins","Small Claims Court","Landlord-Tenant Act"
18,"Trademark infringement in branding","The defendant's use of a similar logo is likely to cause confusion among consumers, diluting the plaintiff's brand identity.","Likelihood of Confusion","Trademark Law","Plaintiff Wins","District Court","Lanham Act"
19,"Employment contract dispute over non-compete clause","The non-compete clause is overly broad and restricts the employee's ability to find work in their field, making it unenforceable.","Overbreadth Doctrine","Employment Law","Defendant Wins","District Court","Employment Contract Law"
20,"Product liability case for defective machinery","The machinery lacked adequate safety guards, leading to the plaintiff's injury and violating product safety standards.","Negligence","Product Liability","Plaintiff Wins","District Court","Product Liability Act"
21,"Elder abuse case in a care facility","The facility staff failed to provide necessary care, resulting in harm to the elderly resident, breaching their duty of care.","Duty of Care","Elder Law","Plaintiff Wins","Appellate Court","Elder Abuse Prevention Act"
22,"Wrongful termination claim based on retaliation","The employee was fired shortly after reporting workplace harassment, indicating retaliatory motives.","Retaliation","Employment Law","Plaintiff Wins","District Court","Civil Rights Act"
23,"Patent application denial due to prior art","The patent office rejected the application because similar technology was previously disclosed, lacking novelty.","Prior Art","Intellectual Property","Defendant Wins","Patent Office","Patent Act"
24,"Insurance claim denial for natural disaster","The insurer denied the claim citing a loophole in the policy that excludes coverage for certain natural disasters.","Policy Interpretation","Insurance Law","Defendant Wins","Insurance Court","Insurance Policy Terms"
25,"Freedom of speech case in public protest","The defendant's right to free speech under the First Amendment protects their actions during the public protest.","Constitutional Rights","Civil Rights Law","Plaintiff Wins","Supreme Court","First Amendment"
26,"Adoption case with contested parental rights","The biological parent contests the adoption, arguing that the prospective parents are not providing a suitable environment.","Parental Rights","Family Law","Defendant Wins","Family Court","Adoption Laws"
27,"Debt collection practices violating consumer protection","The creditor employed harassing tactics to collect debts, violating the Fair Debt Collection Practices Act.","Harassment","Consumer Protection","Plaintiff Wins","District Court","Fair Debt Collection Practices Act"
28,"Sexual harassment lawsuit in the workplace","The plaintiff faced unwelcome sexual advances and a hostile work environment, violating Title VII of the Civil Rights Act.","Hostile Work Environment","Employment Law","Plaintiff Wins","District Court","Title VII of the Civil Rights Act"
29,"Antitrust case against monopolistic practices","The corporation's actions stifle competition and create a monopoly, violating antitrust laws designed to promote fair competition.","Monopoly","Antitrust Law","Plaintiff Wins","Appellate Court","Sherman Act"
30,"Real estate foreclosure due to mortgage default","The lender initiated foreclosure proceedings after the borrower defaulted on mortgage payments, complying with state laws.","Default","Property Law","Defendant Wins","District Court","Foreclosure Laws"
31,"Civil rights violation involving unlawful search","Law enforcement conducted a search without a warrant or probable cause, violating the Fourth Amendment.","Unlawful Search","Criminal Procedure","Plaintiff Wins","Supreme Court","Fourth Amendment"
32,"Estate dispute over will validity","The defendant claims the will was signed under duress and is therefore invalid, challenging the distribution of the estate.","Will Contest","Estate Law","Defendant Wins","Estate Court","Probate Code"
33,"Environmental regulation compliance for manufacturing","The manufacturer failed to obtain necessary permits before emitting pollutants, violating environmental regulations.","Permit Compliance","Environmental Law","Plaintiff Wins","Appellate Court","Clean Air Act"
34,"Sex discrimination in hiring practices","The employer's hiring criteria disproportionately exclude female candidates, violating Title VII of the Civil Rights Act.","Disparate Impact","Employment Law","Plaintiff Wins","District Court","Title VII of the Civil Rights Act"
35,"Data privacy breach under GDPR","The company failed to protect user data adequately, resulting in a breach that violates the General Data Protection Regulation.","Data Protection","Privacy Law","Plaintiff Wins","District Court","General Data Protection Regulation (GDPR)"
36,"Construction defect lawsuit for faulty building materials","Substandard materials used in construction led to structural failures, holding the supplier liable for defects.","Product Liability","Construction Law","Plaintiff Wins","Appellate Court","Construction Defects Act"
37,"Bank fraud involving fraudulent loan applications","The defendant submitted false information on loan applications to obtain funds unlawfully, constituting bank fraud.","Fraudulent Misrepresentation","Financial Law","Defendant Wins","District Court","Bank Fraud Statute"
38,"Civil lawsuit for emotional distress","The plaintiff suffered severe emotional distress due to the defendant's intentional and outrageous conduct.","Intentional Infliction of Emotional Distress","Tort Law","Plaintiff Wins","District Court","Tort Law"
39,"Intellectual property theft in corporate espionage","The defendant stole trade secrets to benefit a competing company, violating the Economic Espionage Act.","Trade Secret Theft","Intellectual Property","Plaintiff Wins","District Court","Economic Espionage Act"
40,"Defamation case involving online statements","The defendant posted false allegations on social media, damaging the plaintiff's reputation.","Libel","Defamation Law","Plaintiff Wins","District Court","Defamation Laws"
41,"Disability discrimination in workplace accommodations","The employer failed to provide reasonable accommodations for the disabled employee, violating the ADA.","Failure to Accommodate","Employment Law","Plaintiff Wins","District Court","Americans with Disabilities Act (ADA)"
42,"Patent licensing dispute over royalty payments","The licensee failed to make agreed-upon royalty payments, breaching the licensing agreement.","Breach of Agreement","Intellectual Property","Plaintiff Wins","District Court","Patent Licensing Agreement"
43,"Harassment case involving persistent bullying","The employee was subjected to ongoing bullying by supervisors, creating a hostile work environment.","Hostile Work Environment","Employment Law","Plaintiff Wins","District Court","Civil Rights Act"
44,"Slander lawsuit for false spoken statements","The defendant made false spoken statements that harmed the plaintiff's professional reputation.","Slander","Defamation Law","Plaintiff Wins","District Court","Defamation Laws"
45,"Trademark dilution affecting brand distinctiveness","The use of a similar mark by another entity dilutes the distinctiveness of the plaintiff's trademark.","Trademark Dilution","Trademark Law","Plaintiff Wins","District Court","Lanham Act"
46,"Legal challenge to zoning laws for business operations","The business argues that zoning restrictions unfairly prevent them from operating in a particular area.","Regulatory Challenge","Zoning Law","Defendant Wins","Appellate Court","Zoning Ordinances"
47,"Consumer fraud in misleading advertising","The company advertised products with false claims, deceiving consumers and violating advertising standards.","False Advertising","Consumer Protection","Plaintiff Wins","District Court","Federal Trade Commission Act"
48,"Wrongful imprisonment due to prosecutorial misconduct","The defendant was wrongfully convicted because the prosecutor withheld exculpatory evidence.","Prosecutorial Misconduct","Criminal Law","Defendant Wins","Appellate Court","Brady v. Maryland"
49,"Defamation in workplace causing job loss","False accusations by a coworker led to the plaintiff losing their job, constituting defamation.","Defamatory Statements","Employment Law","Plaintiff Wins","District Court","Defamation Laws"
50,"Negligent supervision in daycare facility","The daycare failed to supervise children adequately, resulting in injuries and breaching their duty of care.","Negligent Supervision","Tort Law","Plaintiff Wins","District Court","Child Care Regulations"
51,"Intellectual property dispute over software code","The defendant copied substantial portions of the plaintiff's proprietary code, violating copyright laws.","Direct Copying","Intellectual Property","Plaintiff Wins","District Court","Copyright Act"
52,"Civil lawsuit for breach of fiduciary duty","The trustee mismanaged the trust assets for personal gain, breaching their fiduciary obligations.","Breach of Duty","Trusts and Estates","Plaintiff Wins","Appellate Court","Trusts and Estates Act"
53,"Sexual orientation discrimination in housing","The landlord refused to rent to individuals based on their sexual orientation, violating fair housing laws.","Discriminatory Practice","Housing Law","Plaintiff Wins","District Court","Fair Housing Act"
54,"Defamation in a professional publication","The defendant published false claims about the plaintiff's professional competence, harming their career.","Libel","Defamation Law","Plaintiff Wins","District Court","Defamation Laws"
55,"Trademark opposition due to similarity with existing mark","The plaintiff opposes the registration of the defendant's trademark as it is confusingly similar to their established brand.","Trademark Opposition","Trademark Law","Plaintiff Wins","Trademark Office","Lanham Act"
56,"Product liability for allergic reactions","The manufacturer failed to disclose potential allergens in the product, leading to consumer harm.","Failure to Warn","Product Liability","Plaintiff Wins","District Court","Consumer Product Safety Act"
57,"Civil rights lawsuit against police misconduct","The plaintiff alleges excessive force was used during an arrest, violating their civil rights.","Excessive Force","Civil Rights Law","Plaintiff Wins","District Court","Civil Rights Act"
58,"Employment lawsuit over unpaid overtime","The employer did not compensate employees for overtime hours worked, violating labor laws.","Wage Theft","Employment Law","Plaintiff Wins","District Court","Fair Labor Standards Act"
59,"Antitrust litigation over price fixing","Multiple companies conspired to fix prices, undermining market competition and violating antitrust laws.","Price Fixing","Antitrust Law","Defendant Wins","Appellate Court","Sherman Act"
60,"Family law case involving spousal support","The court determines appropriate spousal support based on the duration of the marriage and financial disparities.","Alimony Determination","Family Law","Plaintiff Wins","Family Court","Family Law Statutes"
61,"Environmental case on endangered species protection","The defendant's activities threaten the habitat of an endangered species, violating wildlife protection laws.","Endangered Species Act","Environmental Law","Plaintiff Wins","Appellate Court","Endangered Species Act"
62,"Consumer lawsuit over false labeling","The product was labeled as 'organic' despite containing non-organic ingredients, misleading consumers.","False Advertising","Consumer Protection","Plaintiff Wins","District Court","Federal Trade Commission Act"
63,"Defamation claim involving public figure","The defendant made defamatory statements about a public figure, requiring proof of actual malice.","Actual Malice","Defamation Law","Plaintiff Wins","Supreme Court","Defamation Laws"
64,"Real estate contract dispute over property defects","The seller failed to disclose known defects in the property, breaching the sales contract.","Failure to Disclose","Property Law","Plaintiff Wins","District Court","Real Estate Contract Law"
65,"Patent infringement involving design patents","The defendant's product replicates the ornamental design patented by the plaintiff, infringing design patents.","Design Patent Infringement","Intellectual Property","Plaintiff Wins","District Court","Patent Act"
66,"Securities violation for insider trading","The defendant used confidential information to trade stocks, violating insider trading laws.","Insider Trading","Securities Law","Defendant Wins","Securities Court","Securities Exchange Act"
67,"Workplace safety violation under OSHA","The employer did not comply with OSHA safety standards, resulting in hazardous working conditions.","OSHA Compliance","Occupational Safety","Plaintiff Wins","Appellate Court","Occupational Safety and Health Act (OSHA)"
68,"Legal challenge to marriage equality laws","The plaintiffs argue that existing marriage laws discriminate against same-sex couples, violating constitutional rights.","Equal Protection","Civil Rights Law","Plaintiff Wins","Supreme Court","Equal Protection Clause"
69,"Defamation suit involving defamatory tweets","The defendant posted defamatory tweets that caused reputational harm to the plaintiff.","Defamatory Social Media Content","Defamation Law","Plaintiff Wins","District Court","Defamation Laws"
70,"Insurance lawsuit for denied disability benefits","The insurer denied the plaintiff's disability claim without proper evaluation, violating policy terms.","Bad Faith Insurance","Insurance Law","Plaintiff Wins","Insurance Court","Insurance Policy Terms"
71,"Immigration case for asylum due to political persecution","The plaintiff seeks asylum, claiming persecution based on political beliefs in their home country.","Asylum Claim","Immigration Law","Plaintiff Wins","Immigration Court","Immigration and Nationality Act"
72,"Civil lawsuit for property damage during construction","The contractor's negligence caused damage to neighboring properties during construction activities.","Negligent Construction","Property Law","Plaintiff Wins","District Court","Construction Laws"
73,"Employment lawsuit over wrongful demotion","The employee was demoted without just cause, negatively impacting their career progression.","Unfair Employment Practices","Employment Law","Plaintiff Wins","District Court","Employment Contract Law"
74,"Cybersecurity breach affecting customer data","A security breach exposed customer data, leading to legal actions for failing to protect personal information.","Data Breach","Cyber Law","Plaintiff Wins","District Court","Data Protection Laws"
75,"Civil rights violation involving voting discrimination","The plaintiff was denied the right to vote due to discriminatory practices at polling stations.","Voting Rights","Civil Rights Law","Plaintiff Wins","District Court","Voting Rights Act"
76,"Defamation case involving defamatory blog posts","The defendant wrote defamatory blog posts about the plaintiff, causing reputational harm.","Defamatory Online Content","Defamation Law","Plaintiff Wins","District Court","Defamation Laws"
77,"Intellectual property dispute over trade secrets","The former employee took trade secrets to a competitor, violating the non-disclosure agreement.","Trade Secret Misappropriation","Intellectual Property","Plaintiff Wins","District Court","Economic Espionage Act"
78,"Employment discrimination based on religion","The employer failed to accommodate the employee's religious practices, violating anti-discrimination laws.","Religious Discrimination","Employment Law","Plaintiff Wins","District Court","Americans with Disabilities Act (ADA)"
79,"Consumer lawsuit for deceptive billing practices","The company used deceptive billing methods, charging consumers for services not rendered.","Deceptive Practices","Consumer Protection","Plaintiff Wins","District Court","Federal Trade Commission Act"
80,"Environmental litigation for illegal dumping","The defendant illegally dumped hazardous waste, contaminating local water sources and violating environmental laws.","Illegal Dumping","Environmental Law","Plaintiff Wins","Appellate Court","Clean Water Act"
81,"Patent dispute over utility patents","The defendant's technology infringes on the plaintiff's utility patents, undermining their market advantage.","Utility Patent Infringement","Intellectual Property","Plaintiff Wins","District Court","Patent Act"
82,"Civil lawsuit for breach of warranty","The product failed to perform as advertised, breaching the express warranty provided at sale.","Breach of Express Warranty","Consumer Protection","Plaintiff Wins","District Court","Uniform Commercial Code"
83,"Defamation claim involving false employment claims","The defendant falsely claimed the plaintiff was terminated for misconduct, harming their employment prospects.","False Employment Claims","Defamation Law","Plaintiff Wins","District Court","Defamation Laws"
84,"Employment lawsuit over wrongful termination","The employee was terminated without just cause, violating employment contract terms.","Wrongful Termination","Employment Law","Plaintiff Wins","District Court","Employment Contract Law"
85,"Intellectual property infringement in digital media","The defendant distributed unauthorized copies of the plaintiff's digital media content.","Digital Copyright Infringement","Intellectual Property","Plaintiff Wins","District Court","Copyright Act"
86,"Consumer protection case for unsafe food products","The manufacturer sold food products containing harmful substances, posing health risks to consumers.","Unsafe Food Products","Consumer Protection","Plaintiff Wins","District Court","Food Safety Modernization Act"
87,"Civil rights lawsuit over discrimination in education","The plaintiff alleges discriminatory practices in school admissions based on ethnicity.","Educational Discrimination","Civil Rights Law","Plaintiff Wins","Appellate Court","Civil Rights Act"
88,"Defamation lawsuit involving false news reporting","The media outlet published false reports about the plaintiff, causing reputational damage.","Defamatory News Reporting","Defamation Law","Plaintiff Wins","District Court","Defamation Laws"
89,"Patent application rejection due to obviousness","The patent office rejected the application because the invention was deemed obvious to someone skilled in the field.","Obviousness","Intellectual Property","Defendant Wins","Patent Office","Patent Act"
90,"Employment discrimination based on gender identity","The employer failed to recognize the employee's gender identity, violating anti-discrimination laws.","Gender Identity Discrimination","Employment Law","Plaintiff Wins","District Court","Americans with Disabilities Act (ADA)"
91,"Cyber harassment leading to emotional distress","The plaintiff was subjected to persistent online harassment, resulting in significant emotional distress.","Cyber Harassment","Tort Law","Plaintiff Wins","District Court","Tort Law"
92,"Consumer lawsuit for misleading financial advice","The financial advisor provided misleading advice that resulted in the plaintiff's financial loss.","Misleading Financial Advice","Consumer Protection","Plaintiff Wins","District Court","Financial Advisers Act"
93,"Civil lawsuit for unauthorized use of likeness","The defendant used the plaintiff's likeness in advertising without consent, violating personality rights.","Unauthorized Use","Intellectual Property","Plaintiff Wins","District Court","Right of Publicity Laws"
94,"Defamation case involving defamatory blog posts","The defendant wrote defamatory blog posts about the plaintiff, causing reputational harm.","Defamatory Online Content","Defamation Law","Plaintiff Wins","District Court","Defamation Laws"
95,"Employment lawsuit over unpaid commissions","The employer failed to pay earned commissions, violating the employment agreement.","Unpaid Commissions","Employment Law","Plaintiff Wins","District Court","Employment Contract Law"
96,"Patent infringement involving software algorithms","The defendant's software utilizes algorithms patented by the plaintiff without authorization.","Algorithm Patent Infringement","Intellectual Property","Plaintiff Wins","District Court","Patent Act"
97,"Civil rights violation in public accommodation","The business refused service to the plaintiff based on disability, violating the Americans with Disabilities Act.","Disability Discrimination","Civil Rights Law","Plaintiff Wins","District Court","Americans with Disabilities Act (ADA)"
98,"Defamation lawsuit involving false medical claims","The defendant made false medical claims about the plaintiff's treatment, harming their reputation.","False Medical Claims","Defamation Law","Plaintiff Wins","District Court","Defamation Laws"
99,"Consumer protection case for fraudulent telemarketing","The company engaged in fraudulent telemarketing practices, deceiving consumers into purchases.","Telemarketing Fraud","Consumer Protection","Plaintiff Wins","District Court","Telemarketing and Consumer Fraud and Abuse Prevention Act"
100,"Employment lawsuit over failure to provide benefits","The employer did not provide promised health benefits, violating the employment contract.","Failure to Provide Benefits","Employment Law","Plaintiff Wins","District Court","Employment Contract Law"